{"input_nodes":3,"hidden_nodes":4,"output_nodes":2,"weights_ih":{"rows":4,"cols":3,"data":[[-0.22981948965992594,-0.8820122671811479,-0.5591393644738845],[0.0836367471076036,0.597382353654988,0.7854260525615695],[0.6072952922305639,0.4307615533955418,-0.3895069932294164],[0.2228878489712689,0.3959451616284748,0.8398632459919599]]},"weights_ho":{"rows":2,"cols":4,"data":[[0.8296672581794056,-0.8503557241759725,-0.9028467227821788,0.20946229019195428],[-0.4151773783557786,-0.41551533909086036,0.9919052214582815,-0.043461746486355146]]},"bias_h":{"rows":4,"cols":1,"data":[[0.18427564488595838],[-0.791383751398465],[0.9768220038875159],[-0.12174616025908236]]},"bias_o":{"rows":2,"cols":1,"data":[[0.31699756341267227],[-0.20455819632988037]]},"learning_rate":0.1,"activation_function":{}}